event,area,fires_when,extra_parameters
page_view,Navigation,"A page is shown: a route change, a project switch, or a page shown again from the page cache.",page_location
ui_click,Navigation,"Every click on a button, link, tab, menu item, checkbox, radio or select.","click_name, click_text, click_element, click_area, click_target"
workspace_switched,Navigation,A project is chosen in the workspace switcher.,to_project_id
theme_changed,Navigation,The theme is changed.,theme
login_code_requested,Sign in,An email sign-in code is requested. No user context yet.,
login_succeeded,Sign in,An email sign-in code is accepted. No user context yet (the next event has it).,
logout,Sign in,Sign out.,
profile_updated,Account and team,Display name changed.,
account_renamed,Account and team,The account was renamed.,
project_renamed,Account and team,The project was renamed.,
project_created,Account and team,A project was created.,
member_role_changed,Account and team,Someone's role was changed.,
build_managed_repo_created,Build,An admin chose a managed repository.,
github_install_started,Build,An admin started connecting GitHub.,
github_repo_linked,Build,A GitHub repository was linked (also when a managed repository is moved to GitHub).,
build_file_saved,Build,A file was saved in the editor.,
build_file_deleted,Build,A file or folder was deleted.,
build_file_renamed,Build,A file or folder was renamed or moved.,
build_files_uploaded,Build,Files were uploaded.,
build_project_scaffolded,Build,A starter dbt project was created.,
build_commit,Build,Changes were committed.,
build_pull,Build,Changes were pulled from GitHub.,
dbt_run_started,Build,A dbt run was started.,
dbt_run_cancelled,Build,A dbt run was cancelled.,
schedule_created,Build,A schedule was created.,
schedule_updated,Build,"A schedule was changed, paused or resumed.",
schedule_deleted,Build,A schedule was deleted.,
schedule_run_now,Build,A schedule was run immediately.,
connection_saved,Connections,The BigQuery connection was saved.,
connection_tested,Connections,The BigQuery connection was tested.,
connection_removed,Connections,The BigQuery connection was removed.,
pipelines_enabled,Pipelines,Pipelines was turned on for the project.,
pipeline_source_created,Pipelines,A source was connected.,
pipeline_source_updated,Pipelines,A source's settings or credentials were changed.,
pipeline_created,Pipelines,A pipeline was created.,
pipeline_updated,Pipelines,"A pipeline was edited, paused or resumed.",
pipeline_sync_started,Pipelines,Sync now was pressed (also the first sync after creating).,
pipeline_deleted,Pipelines,A pipeline was deleted.,
explore_enabled,Explore and dashboards,Explore was turned on.,
explore_refreshed,Explore and dashboards,Explore's models were refreshed by hand.,
explore_opened,Explore and dashboards,Explore was opened.,
dashboard_opened,Explore and dashboards,A dashboard was opened.,
dashboard_embed_added,Explore and dashboards,An external dashboard was added.,
dashboard_embed_updated,Explore and dashboards,An external dashboard was edited.,
dashboard_embed_removed,Explore and dashboards,An external dashboard was removed.,
notebook_started,Notebooks,The notebook environment was started.,
notebook_stopped,Notebooks,The notebook environment was stopped.,
agent_message_sent,Agent,A question was sent to the agent.,"message_length, new_chat"
agent_answer_received,Agent,The agent finished answering.,"steps, queries, charts, failed"
agent_chart_downloaded,Agent,A chart was downloaded as an image.,chart_type
agent_chat_sharing_changed,Agent,"A conversation was shared with, or unshared from, the project.",
agent_chat_deleted,Agent,A conversation was deleted.,
agent_settings_saved,Agent,"Agent keys, model or limits were saved (never the keys).",
knowledge_doc_opened,Knowledge,A document was opened.,doc_id
knowledge_doc_created,Knowledge,A document was created.,
knowledge_doc_updated,Knowledge,A document was saved.,
knowledge_doc_deleted,Knowledge,A document was deleted.,
mcp_connection_approved,AI apps (MCP),Someone allowed an AI app to connect to a project.,
mcp_connection_revoked,AI apps (MCP),A connection of an AI app was disconnected.,
mcp_token_created,AI apps (MCP),A personal token was created (never its value).,
mcp_settings_saved,AI apps (MCP),An admin changed the project's MCP switches.,
knowledge_doc_downloaded,Knowledge,A document was downloaded as Markdown.,
app_action,Other,Any other change to data that has no name above.,action
app_error,Other,A request failed (the platform said no or errored).,"action, status"
