parameter,type,example,meaning,sent_with
event,string,pipeline_created,The event name. Use it as the trigger in GTM.,every event
account_name,string,Acme Corp,Name of the account the person is working in. Empty on sign-in events.,every event
project_name,string,marketing,Name of the project the person is working in. Empty on sign-in events.,every event
user_id,string (uuid),4c1cfb3d-0371-4529-9e16-9a9e80d55e00,Stable internal ID of the person. Not their email or name. Empty on sign-in events.,every event
account_id,string (uuid),d09136aa-a252-4006-85aa-69aab7700b9e,ID of the account.,every event
project_id,string (uuid),d1796d57-99a2-49bf-bd9e-ca17780b7ea6,ID of the project.,every event
user_role,string,admin,"The person's role in the project: admin, editor or viewer.",every event
page_path,string,/pipelines,Path of the page where it happened (no query string).,every event
page_title,string,Reflective Data,Title of the page.,every event
user_properties,object,"{""account_name"":""Acme Corp"",""project_name"":""marketing"",""user_id"":""…"",""user_role"":""admin""}","The same who/where values as one object, for mapping to GA4 user properties. Contains account_name, project_name, user_id and user_role.",every event
page_location,string (url),https://app.reflectivedata.com/pipelines,Full address of the page.,page_view
click_name,string,build_commit,"What was clicked. A stable name where the app sets one (see the click names table), otherwise the label as a lowercase_with_underscores slug, or <element>_private inside lists of user content.",ui_click
click_text,string (max 60),Commit & push,"The label of what was clicked. Omitted inside lists of user content (chats, files, documents, dashboards, tables).",ui_click
click_element,string,button,"HTML element: a, button, summary, select, input, label.",ui_click
click_area,string,sidebar,"Where on the screen: sidebar, header, page or other.",ui_click
click_target,string,/knowledge,For links: the path (same site) or the host name (another site).,ui_click
to_project_id,string (uuid),d1796d57-…,The project that was switched to.,workspace_switched
theme,string,dark,"dark, light or system.",theme_changed
message_length,number,86,Characters in the question. The text itself is never sent.,agent_message_sent
new_chat,boolean,true,True when the question started a new conversation.,agent_message_sent
steps,number,4,Steps the agent took for the answer.,agent_answer_received
queries,number,2,Queries it ran.,agent_answer_received
charts,number,1,Charts it drew.,agent_answer_received
failed,boolean,false,True when the answer ended in an error.,agent_answer_received
chart_type,string,line,"bar, horizontal_bar, stacked_bar, line, area, stacked_area, pie, donut or scatter.",agent_chart_downloaded
doc_id,string (uuid),9b74602e-…,The Knowledge document that was opened.,knowledge_doc_opened
action,string,POST /projects/:id/pipelines/connections,"The kind of request: its name if it has one, otherwise the method and path with ids replaced by :id.","app_error, app_action"
status,number,422,HTTP status of the failed request. The error message is never sent.,app_error
