click_name,where,meaning
workspace_menu,Sidebar,Opened the workspace switcher.
workspace_pick,Workspace switcher,Picked a project in the list.
workspace_new_project,Workspace switcher,Chose New project.
settings_menu,Sidebar,Opened the Settings menu.
settings_activity,Settings menu,Opened Activity.
settings_project_settings,Settings menu,Opened Project settings.
settings_account_settings,Settings menu,Opened Account settings.
settings_profile,Settings menu,Opened Profile.
theme_dark / theme_light / theme_system,Settings menu,Chose a theme.
sign_out,Settings menu,Pressed Sign out.
home_ask_input,Home,Clicked into the ask box.
home_ask_submit,Home,Pressed Ask.
home_ask_suggestion,Home,Pressed a suggested question.
home_setup_step,Home,Pressed a line in the setup checklist.
home_tile_pipelines / _dbt / _dashboards / _knowledge,Home,Opened an area from a status tile.
home_action_bot / _explore / _pipelines / _book / _build / _notebook,Home,"Pressed a quick action (Agent, Explore, Add a pipeline, Write a document, Code editor, Notebooks)."
build_choose_managed,Build,Chose a managed repository.
build_choose_github,Build,Chose Connect GitHub.
build_choose_github_account,Build,Picked which GitHub account holds the repository.
build_history_toggle,Build,Opened or closed the History panel.
build_history_file,Build,Opened the history of one file.
build_history_all,Build,Went back to all commits.
build_history_commit,Build,Opened or closed a commit in the history.
build_history_restore,Build,Restored a file to an earlier version.
mcp_allow,AI apps (MCP),Allowed an AI app on the connect screen.
mcp_decline,AI apps (MCP),Cancelled on the connect screen.
mcp_revoke,AI apps (MCP),Disconnected an AI app.
mcp_make_token,AI apps (MCP),Created a personal token.
build_move_to_github,Build,Pressed Move to GitHub.
knowledge_view_write / _split / _preview,Knowledge editor,"Switched between Markdown, Side by side and Preview."
knowledge_upload_md,Knowledge editor,Pressed Upload .md.
knowledge_save,Knowledge editor,Pressed Save.
"<label slug>, e.g. build, commit_push, add_pipeline, run",Everywhere else,"Anything without a fixed name uses its visible label, lowercased with underscores, up to 40 characters."
"<element>_private, e.g. a_private, button_private",Lists of user content,"Chats, files, documents, dashboards, table rows: only the kind of element is reported, never its text."
